<?xml version="1.0" encoding="UTF-8" standalone="yes"?>
<addon id="plugin.video.expressentv"
       name="Expressen TV"
       version="0.0.3"
       provider-name="Daniel, Popeye">
  <requires>
    <import addon="xbmc.python" version="1.0"/>
  </requires>
  <extension point="xbmc.python.pluginsource" library="default.py">
        <provides>video</provides>
  </extension>
  <extension point="xbmc.addon.metadata">
    <platform>all</platform>
    <summary>Expressen TV</summary>
    <description>Watch Expressen TV</description>
    <description lang="sv">Titta på Expressen TV</description>
    <disclaimer></disclaimer>
  </extension>
</addon>
